,,,,,,
Name,Telephone,Emergency Contact Name,Emergency Contact Telephone,,,
Kevin Kool,991-312-9123,Ryan,888-123-5231,,,
Marissa Mellow,991-312-4123,Callie,234-123-5234,,,
Callie Caliente,123-213-5532,Alyssa,992-412-4123,,,
Sergei Bobrovsky,727-272-7272,Nick Foligno,717-717-7171,,,
Nick Foligno,717-717-7171,Sergei Bobrovsky,727-272-7272,,,
Shirly Blauvelt,(203)264-7184,Kevin Kool,(818)679-4421,,,
Liliana Canto,(240)423-2617,Marissa Mellow,(425)761-2092,,,
Linsey Elder  ,(561)419-5694,Callie Caliente,(443)466-8103,,,
Kenisha Lininger,(602)508-1557,Sergei Bobrovsky,(239)481-4121,,,
Stefan Dogling,(256)354-4874,Nick Foligno,(310)761-1115,,,
Dia Nevers,(234)414-6250,Shirly Blauvelt,(225)242-6100,,,
Retta Cosey,(671)473-1493,Liliana Canto,(301)718-4103,,,
Neil NoNeil No,(540)644-8277,Linsey Elder  ,(760)991-8904,,,
Caleb Kidder  ,(856)702-7682,Kenisha Lininger,(269)927-5444,,,
Donnie Rubalcava,(239)908-1432,Stefan Dogling,(435)729-6839,,,
Jay Cushman  ,(254)676-5409,Dia Nevers,(505)255-9247,,,
Monet Lamons  ,(609)688-4892,Retta Cosey,(309)465-9475,,,
Deedee Shade  ,(207)933-1307,Neil NoNeil No,(219)981-9050,,,
Nichol Mccoy,(306)695-4664,Caleb Kidder  ,(845)757-9546,,,
Barry Lv,(501)525-9021,Donnie Rubalcava,(716)581-5038,,,
Marietta Grimsle,(340)713-6076,Jay Cushman  ,(217)391-8980,,,
Tommie Woody,(508)795-5173,Monet Lamons  ,(641)369-5902,,,
Wendolyn Sweeten,(607)598-3116,Deedee Shade  ,(202)566-4006,,,
Isabelle Earles ,(830)968-5170,Nichol Mccoy,(337)390-2149,,,
Noella Sisler  ,(321)988-2267,Barry Lv,(571)309-6214,,,
Rona Vitagliano ,(707)423-4685,Marietta Grimsle,(252)551-7961,,,
Venita Filmore  ,(602)561-7912,Tommie Woody,(253)334-4060,,,
Nicholas Reta  ,(423)596-4246,Wendolyn Sweeten,(239)514-1725,,,
Jadwiga Trainor,(508)401-5178,Isabelle Earles ,(305)668-3637,,,
Jocelyn Holston ,(229)345-7251,Noella Sisler  ,(507)293-7417,,,
Max Atterberry  ,(469)629-3250,Monet Lamons  ,(769)241-2304,,,
Mitch Sheilds  ,(276)258-3365,Deedee Shade  ,(530)492-2652,,,
Alison Smart  ,(571)932-2918,Nichol Mccoy,(224)757-7427,,,
Adelina Sowder  ,(321)988-9158,Barry Lv,(218)540-1705,,,
Cora Mastroianni,(518)431-8617,Marietta Grimsle,(563)872-9837,,,
,,,,,,